INSERT INTO LAB4_USER (ID, ROLE, NAME, USERNAME, PASSWORD)
VALUES
    (101, 'SELLER', 'Иванов Иван Иванович', 'Ivanov@namecomp.ru', '$2a$10$LwhXRZEsjJBv1OKCWdPlEOHTMVm.dqAaR43GnWu5lbEIPVXIUyayO'), -- пароль: 2L6KZG
    (102, 'SELLER', 'Петров Петр Петрович', 'petrov@namecomp.ru', '$2a$10$v6U.ayHtj9p754CzFVAhUO5qZlcBfa.WjT7ljlHjzbseFRO9wOZoG'), -- пароль: uzWC67
    (103, 'ADMINISTRATOR', 'Федоров Федор Федорович', 'fedorov@namecomp.ru', '$2a$10$vRNHqB5aVh/iMI6UyAA.7umK18pZPOLPh4f7wajiC6rN8qIvv4RhW'), -- пароль: 8ntwUp
    (104, 'SUPERVISOR', 'Миронов Вениамин Куприянович', 'mironov@namecomp.ru', '$2a$10$yudA1PqG0QlL/Hh7SlHjUuOZzQY/3QqC954Il5VNHGQIFsbeobJCO'), -- пароль: YOyhfR
    (105, 'SUPERVISOR', 'Ширяев Ермолай Вениаминович', 'shiryev@namecomp.ru', '$2a$10$DzV5nYs2flhgbkI5N4BUuuibNqG9QvofY8gxNXaM13XEuM6PKcnrC'), -- пароль: RSbvHv
    (106, 'SUPERVISOR', 'Игнатов Кассиан Васильевич', 'ignatov@namecomp.ru', '$2a$10$FbJ3Y0TKzOxLXJjhIjPeIeh82yvmNMmtnODy.Km3015aqcKlpcOTu'), -- пароль: rwVDh9
    (107, 'SELLER', 'Хохлов Владимир Мэлсович', 'hohlov@namecomp.ru', '$2a$10$LeERToXNUdYWhhB/XQ6hxOtXvYSRkAXpa6NE0p.4tSt1NBZ/3vRp6'), -- пароль: LdNyos
    (108, 'SELLER', 'Стрелков Мстислав Георгьевич', 'strelkov@namecomp.ru', '$2a$10$XxeprU1Zj5yc4UiUpf0k3.80CjnEirqG5hWBdudYYjGv6T/pn0yLa'), -- пароль: gynQMT
    (109, 'SELLER', 'Беляева Лилия Наумовна', 'belyeva@namecomp.ru', '$2a$10$MKQ2VxysjIZcgHa/efFE3edVFmxD0Vt.KWrH30gHYxFxrduPWjCY6'), -- пароль: AtnDjr
    (110, 'SELLER', 'Смирнова Ульяна Гордеевна', 'smirnova@namecomp.ru', '$2a$10$rVwm3a5Exk7JFAHOWBs98upDRxBaeNbwue/UTn/9Ez93L8kqGWw46'); -- пароль: JlFRCZ

INSERT INTO LAB4_USER_AUTH (ID, USERNAME, DATE_TIME, SUCCESSFUL)
VALUES
    (uuid_generate_v4(), 'Ivanov@namecomp.ru', '2022-05-15 13:13:00', true),
    (uuid_generate_v4(), 'petrov@namecomp.ru', '2022-05-15 13:13:00', true),
    (uuid_generate_v4(), 'fedorov@namecomp.ru', '2022-05-15 13:13:00', true),
    (uuid_generate_v4(), 'mironov@namecomp.ru', '2022-05-15 13:13:00', true),
    (uuid_generate_v4(), 'shiryev@namecomp.ru', '2022-05-15 13:13:00', false),
    (uuid_generate_v4(), 'ignatov@namecomp.ru', '2022-05-15 13:13:00', true),
    (uuid_generate_v4(), 'hohlov@namecomp.ru', '2022-05-15 13:13:00', true),
    (uuid_generate_v4(), 'strelkov@namecomp.ru', '2022-05-15 13:13:00', false),
    (uuid_generate_v4(), 'belyeva@namecomp.ru', '2022-05-15 13:13:00', true),
    (uuid_generate_v4(), 'smirnova@namecomp.ru', '2022-05-15 13:13:00', true);

INSERT INTO LAB4_CLIENT (ID, NAME, PASSPORT_DETAILS, BIRTH_DATE, ADDRESS, PHONE, EMAIL)
VALUES
    (45462526, 'Фролов Андрей Иванович', 'Серия 1180 Номер 176596', '2001-07-14', '344288, г. Адлер, ул. Чехова, 1, кв. 34', NULL, 'gohufreilagrau-3818@yopmail.com'),
    (45462527, 'Николаев Даниил Всеволодович', 'Серия 2280 Номер 223523', '2001-02-10', '614164, г. Адлер, ул. Степная, 30, кв. 75', NULL, 'xawugosune-1385@yopmail.com'),
    (45462528, 'Снегирев Макар Иванович', 'Серия 4560 Номер 354155', '1998-05-21', '394242, г. Адлер, ул. Коммунистическая, 43, кв. 57', NULL, 'satrahuddusei-4458@yopmail.com'),
    (45462529, 'Иванов Иван Ильич', 'Серия 9120 Номер 554296', '1998-10-01', '660540, г. Адлер, ул. Солнечная, 25, кв. 78', NULL, 'boippaxeufrepra-7093@yopmail.com'),
    (45462530, 'Филиппова Анна Глебовна', 'Серия 2367 Номер 558134', '1976-05-31', '125837, г. Адлер, ул. Шоссейная, 40, кв. 92', NULL, 'zapramaxesu-7741@yopmail.com'),
    (45462531, 'Иванов Михаил Владимирович', 'Серия 7101 Номер 669343', '1985-11-04', '125703, г. Адлер, ул. Партизанская, 49, кв. 84', NULL, 'rouzecroummegre-3899@yopmail.com'),
    (45462532, 'Власов Дмитрий Александрович', 'Серия 3455 Номер 719630', '1998-08-17', '625283, г. Адлер, ул. Победы, 46, кв. 7', NULL, 'ziyeuddocrabri-4748@yopmail.com'),
    (45462533, 'Серова Екатерина Львовна', 'Серия 2377 Номер 871623', '1984-10-24', '614611, г. Адлер, ул. Молодежная, 50, кв. 78', NULL, 'ketameissoinnei-1951@yopmail.com'),
    (45462534, 'Борисова Ирина Ивановна', 'Серия 8755 Номер 921148', '1976-10-14', '454311, г. Адлер, ул. Новая, 19, кв. 78', NULL, 'yipraubaponou-5849@yopmail.com'),
    (45462535, 'Зайцев Никита Артёмович', 'Серия 4355 Номер 104594', '1999-10-14', '660007, г. Адлер, ул. Октябрьская, 19, кв. 42', NULL, 'crapedocouca-3572@yopmail.com'),
    (45462536, 'Медведев Святослав Евгеньевич', 'Серия 2791 Номер 114390', '1985-07-13', '603036, г. Адлер, ул. Садовая, 4, кв. 13', NULL, 'ceigoixakaunni-9227@yopmail.com'),
    (45462537, 'Коротков Кирилл Алексеевич', 'Серия 5582 Номер 126286', '1976-05-26', '450983, г. Адлер, ул. Комсомольская, 26, кв. 60', NULL, 'yeimmeiwauzomo-7054@yopmail.com'),
    (45462538, 'Калашникова Арина Максимовна', 'Серия 2978 Номер 133653', '1999-08-13', '394782, г. Адлер, ул. Чехова, 3, кв. 14', NULL, 'poleifenevi-1560@yopmail.com'),
    (45462539, 'Минина Таисия Кирилловна', 'Серия 7512 Номер 141956', '1985-10-13', '603002, г. Адлер, ул. Дзержинского, 28, кв. 56', NULL, 'kauprezofautei-6607@yopmail.com'),
    (45462540, 'Наумов Серафим Романович', 'Серия 5046 Номер 158433', '1999-04-15', '450558, г. Адлер, ул. Набережная, 30, кв. 71', NULL, 'quaffaullelourei-1667@yopmail.com'),
    (45462541, 'Воробьева Василиса Евгеньевна', 'Серия 2460 Номер 169505', '1999-01-13', '394060, г. Адлер, ул. Фрунзе, 43, кв. 79', NULL, 'jsteele@rojas-robinson.net'),
    (45462542, 'Калинин Александр Андреевич', 'Серия 3412 Номер 174593', '1999-01-07', '410661, г. Адлер, ул. Школьная, 50, кв. 53', NULL, 'vhopkins@lewis-mullen.com'),
    (45462543, 'Кузнецова Милана Владиславовна', 'Серия 4950 Номер 183034', '1999-01-24', '625590, г. Адлер, ул. Коммунистическая, 20, кв. 34', NULL, 'nlewis@yahoo.com'),
    (45462544, 'Фирсов Егор Романович', 'Серия 5829 Номер 219464', '1993-09-02', '625683, г. Адлер, ул. 8 Марта, 20, кв. 21', NULL, 'garciadavid@mckinney-mcbride.com'),
    (45462545, 'Зимина Агния Александровна', 'Серия 6443 Номер 208059', '1998-09-03', '400562, г. Адлер, ул. Зеленая, 32, кв. 67', NULL, 'cbradley@castro.com'),
    (45462546, 'Титов Андрей Глебович', 'Серия 7079 Номер 213265', '1985-10-23', '614510, г. Адлер, ул. Маяковского, 47, кв. 72', NULL, 'cuevascatherine@carlson.biz'),
    (45462547, 'Орлов Николай Егорович', 'Серия 8207 Номер 522702', '1985-07-27', '410542, г. Адлер, ул. Светлая, 46, кв. 82', NULL, 'thomasmoore@wilson-singh.net'),
    (45462548, 'Кузнецова Аиша Михайловна', 'Серия 9307 Номер 232158', '1998-04-10', '620839, г. Адлер, ул. Цветочная, 8, кв. 100', NULL, 'jessica84@hotmail.com'),
    (45462549, 'Куликов Никита Георгиевич', 'Серия 1357 Номер 242839', '1999-04-23', '443890, г. Адлер, ул. Коммунистическая, 1, кв. 10', NULL, 'jessicapark@hotmail.com'),
    (45462550, 'Карпова София Егоровна', 'Серия 1167 Номер 256636', '1993-10-01', '603379, г. Адлер, ул. Спортивная, 46, кв. 95', NULL, 'ginaritter@schneider-buchanan.com'),
    (45462551, 'Смирнова Дарья Макаровна', 'Серия 1768 Номер 266986', '1976-03-22', '603721, г. Адлер, ул. Гоголя, 41, кв. 57', NULL, 'stephen99@yahoo.com'),
    (45462552, 'Абрамова Александра Мироновна', 'Серия 1710 Номер 427875', '1999-03-26', '410172, г. Адлер, ул. Северная, 13, кв. 86', NULL, 'lopezlisa@hotmail.com'),
    (45462553, 'Наумов Руслан Михайлович', 'Серия 1806 Номер 289145', '1999-10-11', '420151, г. Адлер, ул. Вишневая, 32, кв. 81', NULL, 'lori17@hotmail.com'),
    (45462554, 'Бочаров Никита Матвеевич', 'Серия 1587 Номер 291249', '1997-06-29', '125061, г. Адлер, ул. Подгорная, 8, кв. 74', NULL, 'campbellkevin@gardner.com'),
    (45462555, 'Соловьев Давид Ильич', 'Серия 1647 Номер 306372', '1984-03-06', '630370, г. Адлер, ул. Шоссейная, 24, кв. 81', NULL, 'morganhoward@clark.com'),
    (45462556, 'Васильева Валерия Дмитриевна', 'Серия 1742 Номер 316556', '1999-09-30', '614753, г. Адлер, ул. Полевая, 35, кв. 39', NULL, 'carsontamara@gmail.com'),
    (45462557, 'Макарова Василиса Андреевна', 'Серия 1474 Номер 326347', '1999-04-08', '426030, г. Адлер, ул. Маяковского, 44, кв. 93', NULL, 'kevinpatel@gmail.com'),
    (45462558, 'Алексеев Матвей Викторович', 'Серия 1452 Номер 339539', '1998-08-02', '450375, г. Адлер, ул. Клубная, 44, кв. 80', NULL, 'sethbishop@yahoo.com'),
    (45462559, 'Никитина Полина Александровна', 'Серия 2077 Номер 443480', '1976-09-19', '625560, г. Адлер, ул. Некрасова, 12, кв. 66', NULL, 'drollins@schultz-soto.net'),
    (45462560, 'Окулова Олеся Алексеевна', 'Серия 2147 Номер 357518', '1999-04-03', '630201, г. Адлер, ул. Комсомольская, 17, кв. 25', NULL, 'pblack@copeland-winters.org'),
    (45462561, 'Захарова Полина Яновна', 'Серия 2687 Номер 363884', '1976-04-21', '190949, г. Адлер, ул. Мичурина, 26, кв. 93', NULL, 'johnathon.oberbrunner@yahoo.com'),
    (45462562, 'Зайцев Владимир Давидович', 'Серия 2376 Номер 443711', '1998-01-26', '350501, г. Адлер, ул. Парковая, 2, кв. 7', NULL, 'bradly29@gmail.com'),
    (45462563, 'Иванов Виталий Даниилович', 'Серия 2568 Номер 386237', '1976-08-11', '450048, г. Адлер, ул. Коммунистическая, 21, кв. 3', NULL, 'stark.cristina@hilpert.biz'),
    (45462564, 'Захаров Матвей Романович', 'Серия 2556 Номер 439376', '1993-07-12', '644921, г. Адлер, ул. Школьная, 46, кв. 37', NULL, 'bruen.eleanore@yahoo.com'),
    (45462565, 'Иванов Степан Степанович', 'Серия 2737 Номер 407501', '1998-09-19', '614228, г. Адлер, ул. Дорожная, 36, кв. 54', NULL, 'percival.halvorson@yahoo.com'),
    (45462566, 'Ткачева Милана Тимуровна', 'Серия 2581 Номер 441645', '1998-05-24', '350940, г. Адлер, ул. Первомайская, 23, кв. 2', NULL, 'javonte71@kuhlman.biz'),
    (45462567, 'Семенов Даниил Иванович', 'Серия 2675 Номер 427933', '1976-01-04', '344990, г. Адлер, ул. Красноармейская, 19, кв. 92', NULL, 'vconnelly@kautzer.com'),
    (45462568, 'Виноградов Вячеслав Дмитриевич', 'Серия 2967 Номер 434531', '1976-07-12', '410248, г. Адлер, ул. Чкалова, 11, кв. 49', NULL, 'junius.harber@gmail.com'),
    (45462569, 'Панов Валерий Валерьевич', 'Серия 2509 Номер 455674', '1976-06-15', '454018, г. Адлер, ул. Карла Маркса, 14, кв. 47', NULL, 'kelton91@gmail.com'),
    (45462570, 'Некрасова Ева Сергеевна', 'Серия 2582 Номер 464038', '1976-06-30', '614229, г. Адлер, ул. Ленина, 34, кв. 66', NULL, 'connelly.jedidiah@yahoo.com'),
    (45462571, 'Кошелев Владислав Александрович', 'Серия 2142 Номер 478830', '1998-07-21', '430280, г. Адлер, ул. Советская, 46, кв. 25', NULL, 'vladimir.goyette@gmail.com'),
    (45462572, 'Иванов Андрей Павлович', 'Серия 2671 Номер 492784', '1998-02-10', '630050, г. Адлер, ул. Калинина, 47, кв. 8', NULL, 'orpha18@yahoo.com'),
    (45462573, 'Петров Леонид Павлович', 'Серия 2994 Номер 493752', '1976-07-16', '625115, г. Адлер, ул. Гагарина, 14, кв. 36', NULL, 'frederic.okuneva@gmail.com'),
    (45462574, 'Гончаров Артём Максимович', 'Серия 2982 Номер 498217', '1998-05-13', '454002, г. Адлер, ул. Сталина, 9, кв. 59', NULL, 'kailee73@yahoo.com'),
    (45462575, 'Горбунова Надежда Данииловна', 'Серия 2340 Номер 498896', '1997-08-14', '660315, г. Адлер, ул. Красноармейская, 35, кв. 18', NULL, 'kuhn22@yahoo.com'),
    (45462576, 'Миронов Юрий Денисович', 'Серия 3774 Номер 511438', '1985-01-26', '620653, г. Адлер, ул. Западная, 15, кв. 25', NULL, 'tatum.collins@fay.org'),
    (45462577, 'Терехов Михаил Андреевич', 'Серия 3862 Номер 521377', '1976-07-06', '644321, г. Адлер, ул. Клубная, 32, кв. 10', NULL, 'itzel73@anderson.com'),
    (45462578, 'Орлова Алиса Михайловна', 'Серия 3084 Номер 535966', '1997-02-24', '603653, г. Адлер, ул. Молодежная, 2, кв. 45', NULL, 'arjun39@hotmail.com'),
    (45462579, 'Кулаков Константин Даниилович', 'Серия 4021 Номер 541528', '1993-06-20', '410181, г. Адлер, ул. Механизаторов, 16, кв. 74', NULL, 'ohara.rebeka@yahoo.com'),
    (45462580, 'Кудрявцев Максим Романович', 'Серия 4109 Номер 554053', '1998-05-10', '394207, г. Адлер, ул. Свердлова, 31, кв. 28', NULL, 'danika58@rath.com'),
    (45462581, 'Соболева Кира Фёдоровна', 'Серия 4537 Номер 564868', '1998-03-14', '420633, г. Адлер, ул. Матросова, 18, кв. 41', NULL, 'janae.bogan@gmail.com'),
    (45462582, 'Коновалов Арсений Максимович', 'Серия 4914 Номер 572471', '1985-02-18', '445720, г. Адлер, ул. Матросова, 50, кв. 67', NULL, 'vern91@yahoo.com'),
    (45462583, 'Гусев Михаил Дмитриевич', 'Серия 4445 Номер 581302', '1999-11-23', '400646, г. Адлер, ул. Октябрьская, 47, кв. 65', NULL, 'mariana.leannon@larkin.net'),
    (45462584, 'Суханова Варвара Матвеевна', 'Серия 4743 Номер 598180', '1993-09-13', '644410, г. Адлер, ул. Красная, 17, кв. 69', NULL, 'vmoore@gmail.com'),
    (45462585, 'Орлова Ясмина Васильевна', 'Серия 4741 Номер 601821', '1984-06-24', '400750, г. Адлер, ул. Школьная, 36, кв. 71', NULL, 'damon.mcclure@mills.com'),
    (45462586, 'Васильева Ксения Константиновна', 'Серия 4783 Номер 612567', '1999-08-01', '660590, г. Адлер, ул. Дачная, 37, кв. 70', NULL, 'grady.reilly@block.com'),
    (45462587, 'Борисова Тамара Данииловна', 'Серия 4658 Номер 621200', '1993-05-29', '426083, г. Адлер, ул. Механизаторов, 41, кв. 26', NULL, 'boyd.koss@yahoo.com'),
    (45462588, 'Дмитриев Мирон Ильич', 'Серия 4908 Номер 634613', '1985-04-13', '410569, г. Адлер, ул. Парковая, 36, кв. 17', NULL, 'obartell@franecki.info'),
    (45462589, 'Лебедева Анна Александровна', 'Серия 5092 Номер 642468', '1985-03-30', '443375, г. Адлер, ул. Дзержинского, 50, кв. 95', NULL, 'reina75@ferry.net'),
    (45462590, 'Пономарев Артём Маркович', 'Серия 5155 Номер 465274', '1984-06-02', '614316, г. Адлер, ул. Первомайская, 48, кв. 31', NULL, 'karson28@hotmail.com'),
    (45462591, 'Борисова Елена Михайловна', 'Серия 5086 Номер 666893', '1976-05-23', '445685, г. Адлер, ул. Зеленая, 7, кв. 47', NULL, 'damaris61@okon.com'),
    (45462592, 'Моисеев Камиль Максимович', 'Серия 5333 Номер 675375', '1999-06-17', '614505, г. Адлер, ул. Нагорная, 37, кв. 31', NULL, 'carroll.jerod@hotmail.com'),
    (45462593, 'Герасимова Дарья Константиновна', 'Серия 5493 Номер 684572', '1984-10-13', '426629, г. Адлер, ул. Весенняя, 32, кв. 46', NULL, 'ron.treutel@quitzon.com'),
    (45462594, 'Михайлова Мария Марковна', 'Серия 5150 Номер 696226', '1976-12-02', '603743, г. Адлер, ул. Матросова, 19, кв. 20', NULL, 'olen79@yahoo.com'),
    (45462595, 'Коршунов Кирилл Максимович', 'Серия 1308 Номер 703305', '1985-05-22', '450750, г. Адлер, ул. Клубная, 23, кв. 90', NULL, 'pacocha.robbie@yahoo.com');

INSERT INTO LAB4_ORDER (ID, START_DATE, START_TIME, CLIENT_ID, STATUS, CLOSE_DATE, DURATION)
VALUES
    (1, '2022-03-12', '09:10', 45462526, 'NEW', NULL, 120),
    (2, '2022-03-13', '10:10', 45462527, 'RENTED', NULL, 600),
    (3, '2022-03-14', '11:10', 45462528, 'RENTED', NULL, 120),
    (4, '2022-03-15', '12:10', 45462529, 'NEW', NULL, 600),
    (5, '2022-03-16', '13:10', 45462530, 'CLOSED', '2022-04-16', 320),
    (6, '2022-03-17', '14:10', 45462531, 'NEW', NULL, 480),
    (7, '2022-03-18', '15:10', 45462532, 'NEW', NULL, 240),
    (8, '2022-03-19', '16:10', 45462533, 'RENTED', NULL, 360),
    (9, '2022-03-20', '10:00', 45462534, 'RENTED', NULL, 720),
    (10, '2022-03-21', '11:00', 45462535, 'NEW', NULL, 120),
    (11, '2022-03-22', '12:00', 45462536, 'CLOSED', '2022-03-22', 600),
    (12, '2022-03-23', '13:00', 45462537, 'RENTED', NULL, 120),
    (13, '2022-03-24', '14:00', 45462538, 'RENTED', NULL, 600),
    (14, '2022-03-25', '15:00', 45462539, 'RENTED', NULL, 320),
    (15, '2022-03-26', '16:00', 45462540, 'CLOSED', '2022-04-26', 480),
    (16, '2022-03-27', '17:00', 45462541, 'NEW', NULL, 240),
    (17, '2022-03-28', '18:00', 45462542, 'RENTED', NULL, 360),
    (18, '2022-03-29', '19:00', 45462543, 'RENTED', NULL, 720),
    (19, '2022-03-30', '12:30', 45462544, 'NEW', NULL, 120),
    (20, '2022-03-31', '13:30', 45462545, 'NEW', NULL, 600),
    (21, '2022-04-01', '14:30', 45462546, 'CLOSED', '2022-04-01', 120),
    (22, '2022-04-02', '15:30', 45462547, 'NEW', NULL, 600),
    (23, '2022-04-03', '16:30', 45462548, 'NEW', NULL, 320),
    (24, '2022-04-04', '17:30', 45462549, 'RENTED', NULL, 480),
    (25, '2022-04-05', '18:30', 45462550, 'RENTED', NULL, 240),
    (26, '2022-04-06', '15:30', 45462551, 'RENTED', NULL, 360),
    (27, '2022-04-07', '16:30', 45462552, 'RENTED', NULL, 720),
    (28, '2022-04-08', '17:30', 45462553, 'CLOSED', '2022-04-08', 120),
    (29, '2022-04-09', '18:30', 45462554, 'NEW', NULL, 600),
    (30, '2022-04-10', '19:30', 45462555, 'RENTED', NULL, 120),
    (31, '2022-04-11', '10:30', 45462556, 'RENTED', NULL, 600),
    (32, '2022-04-12', '11:30', 45462557, 'NEW', NULL, 320),
    (33, '2022-04-13', '12:30', 45462558, 'NEW', NULL, 480),
    (34, '2022-04-14', '13:30', 45462559, 'NEW', NULL, 240),
    (35, '2022-04-15', '14:30', 45462560, 'RENTED', NULL, 360),
    (36, '2022-04-02', '15:30', 45462561, 'RENTED', NULL, 720),
    (37, '2022-04-03', '16:30', 45462562, 'RENTED', NULL, 120),
    (38, '2022-04-04', '17:30', 45462563, 'CLOSED', '2022-04-04', 600),
    (39, '2022-04-05', '10:15', 45462564, 'RENTED', NULL, 120),
    (40, '2022-04-06', '11:15', 45462565, 'NEW', NULL, 600),
    (41, '2022-04-07', '12:15', 45462566, 'CLOSED', '2022-04-07', 320),
    (42, '2022-04-08', '13:15', 45462567, 'RENTED', NULL, 480),
    (43, '2022-04-09', '14:15', 45462568, 'RENTED', NULL, 240),
    (44, '2022-04-01', '15:15', 45462569, 'RENTED', NULL, 360),
    (45, '2022-04-02', '16:15', 45462570, 'RENTED', NULL, 720),
    (46, '2022-04-03', '10:45', 45462571, 'RENTED', NULL, 480),
    (47, '2022-04-04', '11:45', 45462572, 'CLOSED', '2022-04-04', 320),
    (48, '2022-04-05', '12:45', 45462573, 'NEW', NULL, 480),
    (49, '2022-04-06', '13:45', 45462574, 'NEW', NULL, 240),
    (50, '2022-04-07', '14:45', 45462575, 'NEW', NULL, 360);

INSERT INTO LAB4_SERVICE (ID, NAME, CODE, COST)
VALUES
    (336, 'Прокат лыж', '8HFJHG443', 800),
    (353, 'Прокат лыжных палок', '87FDJKHJ', 100),
    (31, 'Прокат сноуборда', 'JUR8R', 1200),
    (34, 'Прокат обуви для сноуборда', 'JKFBJ09', 400),
    (98, 'Прокат шлема', '63748HF', 300),
    (45, 'Прокат защитных подушек для сноубордистов', 'JFH7382', 300),
    (89, 'Прокат очков для лыжников', 'OIJNB12', 150),
    (99, 'Прокат вартушки', 'BSFBHV63', 100),
    (92, 'Прокат санок', 'HJBUJE21J', 300),
    (44, 'Прокат коньков', 'DHBGFY563', 900),
    (57, 'Подъем на 1 уровень', 'JHVSJF6', 300),
    (88, 'Подъем на 2  уровень', 'DJHGBS982', 700),
    (123, 'Подъем на 3 уровень', '638VVNQ3', 1200);

INSERT INTO LAB4_ORDERS_SERVICES (ORDER_ID, SERVICE_ID)
VALUES
    (1, 34), (1, 31), (1, 353), (1, 336),
    (2, 98), (2, 45), (2, 89), (2, 99), (2, 123),
    (3, 92), (3, 45), (3, 57), (3, 88),
    (4, 92), (4, 45), (4, 57), (4, 88), (4, 44),
    (5, 98), (5, 45), (5, 89), (5, 353), (5, 336), (5, 34),
    (6, 34), (6, 31), (6, 353), (6, 353),
    (7, 98), (7, 45), (7, 89), (7, 99), (7, 31),
    (8, 92), (8, 45), (8, 57), (8, 89),
    (9, 92), (9, 45), (9, 57), (9, 88), (9, 45),
    (10, 98), (10, 45), (10, 89), (10, 353), (10, 336), (10, 34),
    (11, 34), (11, 31), (11, 353), (11, 98),
    (12, 98), (12, 45), (12, 89), (12, 99), (12, 45),
    (13, 92), (13, 45), (13, 57), (13, 89),
    (14, 92), (14, 45), (14, 57), (14, 88), (14, 99),
    (15, 98), (15, 45), (15, 89), (15, 353), (15, 336), (15, 92),
    (16, 34), (16, 31), (16, 353), (16, 44),
    (17, 98), (17, 45), (17, 89), (17, 99), (17, 57),
    (18, 92), (18, 45), (18, 57), (18, 88),
    (19, 92), (19, 45), (19, 57), (19, 88), (19, 123),
    (20, 98), (20, 45), (20, 89), (20, 353), (20, 336), (20, 336),
    (21, 34), (21, 31), (21, 353), (21, 353),
    (22, 98), (22, 45), (22, 89), (22, 99), (22, 31),
    (23, 92), (23, 45), (23, 57), (23, 92),
    (24, 92), (24, 45), (24, 57), (24, 88), (24, 34),
    (25, 98), (25, 45), (25, 89), (25, 353), (25, 336), (25, 98),
    (26, 34), (26, 31), (26, 353), (26, 45),
    (27, 98), (27, 45), (27, 89), (27, 99), (27, 89),
    (28, 92), (28, 45), (28, 57), (28, 99),
    (29, 92), (29, 45), (29, 57), (29, 88), (29, 92),
    (30, 98), (30, 45), (30, 89), (30, 353), (30, 336), (30, 44),
    (31, 34), (31, 31), (31, 353), (31, 57),
    (32, 98), (32, 45), (32, 89), (32, 99), (32, 88),
    (33, 92), (33, 45), (33, 57), (33, 123),
    (34, 92), (34, 45), (34, 57), (34, 88), (34, 336),
    (35, 98), (35, 45), (35, 89), (35, 353), (35, 336), (35, 353),
    (36, 34), (36, 31), (36, 353), (36, 31),
    (37, 98), (37, 45), (37, 89), (37, 99), (37, 34),
    (38, 92), (38, 45), (38, 57), (38, 98),
    (39, 92), (39, 45), (39, 57), (39, 88), (39, 45),
    (40, 98), (40, 45), (40, 89), (40, 353), (40, 336), (40, 89),
    (41, 34), (41, 31), (41, 353), (41, 99),
    (42, 98), (42, 45), (42, 89), (42, 99), (42, 92),
    (43, 92), (43, 45), (43, 57), (43, 44),
    (44, 92), (44, 45), (44, 57), (44, 88), (44, 57),
    (45, 98), (45, 45), (45, 89), (45, 353), (45, 336), (45, 88),
    (46, 34), (46, 31), (46, 353), (46, 123),
    (47, 98), (47, 45), (47, 89), (47, 99), (47, 336),
    (48, 92), (48, 45), (48, 57), (48, 353),
    (49, 92), (49, 45), (49, 57), (49, 88), (49, 31),
    (50, 98), (50, 45), (50, 89), (50, 353), (50, 336), (50, 34);
